Workbook

Sheet Offer
G2: =IFERROR(VLOOKUP(B2,'PRICE LIST'!$B:$D,3,FALSE)/100,"")
A3: SR.NO | B3: Item Code | C3: Make | D3: Packing Quantity PCS | E3: Quantity (Customer enters) | F3: Rate (Per 100 pcs) | G3: Dis.% | H3: Net Rate/PCS | I3: Total Value
A4: =IF(B4="","",ROWS($A$4:A4)) | B4: 206-118 | C4: =IFERROR(VLOOKUP(B4,'PRICE LIST'!$B:$D,2,FALSE),"") | D4: =IFERROR(VLOOKUP(B4,'PRICE LIST'!$B:$D,2,FALSE),"") | F4: =IFERROR(VLOOKUP(B4,'PRICE LIST'!$B:$D,3,FALSE),"") | H4: =IF(OR(F4="",G4=""),"",ROUND((F4/100)*(1-G4/100),2)) | I4: =IF(OR(E4="",H4=""),"",ROUND(E4*H4,2))
A5: =IF(B5="","",ROWS($A$4:A5)) | B5: 206-804 | C5: WAGO | D5: 11 | G5: =IFERROR(VLOOKUP(B5,'PRICE LIST'!$B:$D,3,FALSE)/100,"") | I5: =D5*G5
A6: =IF(B6="","",ROWS($A$4:A6)) | B6: 206-1125 | C6: WAGO | D6: 12 | G6: =IFERROR(VLOOKUP(B6,'PRICE LIST'!$B:$D,3,FALSE)/100,"") | I6: =D6*G6
A7: =IF(B7="","",ROWS($A$4:A7)) | B7: 206-1141 | C7: WAGO | D7: 13 | G7: =IFERROR(VLOOKUP(B7,'PRICE LIST'!$B:$D,3,FALSE)/100,"") | I7: =D7*G7
A8: =IF(B8="","",ROWS($A$4:A8)) | B8: 206-1204 | C8: WAGO | D8: 14 | G8: =IFERROR(VLOOKUP(B8,'PRICE LIST'!$B:$D,3,FALSE)/100,"") | I8: =D8*G8
A9: =IF(B9="","",ROWS($A$4:A9)) | B9: 206-1216 | C9: WAGO | D9: 15 | G9: =IFERROR(VLOOKUP(B9,'PRICE LIST'!$B:$D,3,FALSE)/100,"") | I9: =D9*G9
A10: =IF(B10="","",ROWS($A$4:A10)) | B10: 206-1250 | C10: WAGO | D10: 16 | G10: =IFERROR(VLOOKUP(B10,'PRICE LIST'!$B:$D,3,FALSE)/100,"") | I10: =#REF!*G10
A11: =IF(B11="","",ROWS($A$4:A11)) | B11: 206-2101 | C11: WAGO | D11: 17 | G11: =IFERROR(VLOOKUP(B11,'PRICE LIST'!$B:$D,3,FALSE)/100,"") | I11: =#REF!*G11
A12: =IF(B12="","",ROWS($A$4:A12)) | B12: 206-2102 | C12: WAGO | D12: 18 | G12: =IFERROR(VLOOKUP(B12,'PRICE LIST'!$B:$D,3,FALSE)/100,"") | I12: =#REF!*G12
A13: =IF(B13="","",ROWS($A$4:A13)) | B13: 207-1331 | C13: WAGO | D13: 19 | G13: =IFERROR(VLOOKUP(B13,'PRICE LIST'!$B:$D,3,FALSE)/100,"") | I13: =#REF!*G13
A14: =IF(B14="","",ROWS($A$4:A14)) | B14: 207-1332 | C14: WAGO | D14: 20 | G14: =IFERROR(VLOOKUP(B14,'PRICE LIST'!$B:$D,3,FALSE)/100,"") | I14: =#REF!*G14
A15: =IF(B15="","",ROWS($A$4:A15)) | B15: 207-1333 | C15: WAGO | D15: 21 | G15: =IFERROR(VLOOKUP(B15,'PRICE LIST'!$B:$D,3,FALSE)/100,"") | I15: =#REF!*G15
A16: =IF(B16="","",ROWS($A$4:A16)) | B16: 207-1432 | C16: WAGO | D16: 22 | G16: =IFERROR(VLOOKUP(B16,'PRICE LIST'!$B:$D,3,FALSE)/100,"") | I16: =#REF!*G16
B17: 209-101
B18: 209-106
B19: 209-112
B20: 209-113
B21: 209-114
B22: 209-120
B23: 209-122
B24: 209-123
B25: 209-129
B26: 209-132
B27: 209-137
B28: 209-140
... B3322: 8002-100/1000-860

Sheet Stock Group Reorder Status
A1: PIONEER TECHNOLOGY
A2: Sai Datta Reality,Survey No 452/1/1/10,Alankapuram
A3: Road,Tapkir Nagar,Bhosari,Pune-412105
A4: UDYAM : UDYAM-MH-26-0071108 (Micro)
A5: E-Mail : rajesh@pioneerautomation.in
A6: Stock Group Reorder Status
A7: Under Group: Wago
A8: 1-Apr-26 to 29-Jul-26
A9: Item Code | B9: Closing Stock | C9: Purc Orders Pending | D9: Sale Orders Due | E9: Nett Available | F9: Re-order Level | G9: Short fall | H9: Min Reorder Qty | I9: Order to be Placed
A10: 0249-0116/0981-0008 | C10: 9000 | E10: 9000
A11: 0280-0308/0981-0008 | C11: 300 | E11: 300
A12: 0280-0314/0981-0008 | C12: 100 | E12: 100
A13: 0280-0342/0981-0008 | C13: 300 | E13: 300
A14: 0280-0402/0981-0008 | C14: 2000 | E14: 2000
A15: 0280-0520/0981-0008 | C15: 8000 | D15: 5000 | E15: 3000
A16: 0280-0833/0981-0008 | C16: 6000 | D16: 5000 | E16: 1000
A17: 0280-0901/0981-0008 | C17: 8000 | E17: 8000
A18: 0281-0328/0981-0000
A19: 0281-0328/0981-0008 | C19: 500 | E19: 500
A20: 0281-0903/0981-0000 | C20: 1000 | E20: 1000
A21: 0281-0904/0981-0000 | B21: 100 | C21: 1000 | E21: 1100
A22: 0281-0905/0981-0000 | C22: 500 | E22: 500
A23: 0281-0906/0981-0000 | C23: 1000 | E23: 1000
A24: 0281-0907/0981-0000 | C24: 500 | E24: 500
A25: 2000-1201
A26: 2000-1203
A27: 2000-1204
A28: 2000-1205
A29: 2000-1207
A30: 2000-1291
A31: 2000-1401 | C31: 100 | D31: 50 | E31: 50
A32: 2000-1491 | C32: 100 | D32: 25 | E32: 75
A33: 2000-2291 | B33: 3 | E33: 3
A34: 2000-402
A35: 2000-402/000-005
A36: 2000-402/000-006
A37: 2000-403 | C37: 7 | D37: 7
A38: 2000-406
A39: 2000-406/000-005
A40: 2000-406/000-406
A41: 2000-410
A42: 2000-410/000-005
A43: 2000-410/000-006
A44: 2000-5311
A45: 2001-1201
A46: 2001-1207
A47: 2001-1301
A48: 2001-402
A49: 2001-404
A50: 2002-1091 | B50: 75 | E50: 75
A51: 2002-1201 | B51: 19 | D51: 10 | E51: 9
A52: 2002-1201/K999-9999
A53: 2002-1203 | B53: 30 | E53: 30
A54: 2002-1204 | B54: 32 | E54: 32
A55: 2002-1205 | B55: 47 | E55: 47
A56: 2002-1207 | B56: 133 | E56: 133
A57: 2002-1211/1000-410
A58: 2002-1291 | B58: 22 | E58: 22
A59: 2002-1292 | B59: 155 | E59: 155
A60: 2002-1301 | B60: 11 | E60: 11
A61: 2002-1304
A62: 2002-1307
A63: 2002-1391
A64: 2002-1392
A65: 2002-1401 | B65: 20 | E65: 20
A66: 2002-1401/K999-9999
A67: 2002-1402
A68: 2002-1404
A69: 2002-1407
A70: 2002-1491 | B70: 164 | E70: 164
A71: 2002-1492
A72: 2002-1494
A73: 2002-1611
A74: 2002-1611/1000-541
A75: 2002-1611/1000-836
A76: 2002-1661
A77: 2002-1671
A78: 2002-1674/401-000
A79: 2002-1691
A80: 2002-1711/1000-541
A81: 2002-1991
A82: 2002-2002 | B82: 147 | E82: 147
A83: 2002-2201
A84: 2002-2202
A85: 2002-2203
A86: 2002-2208
A87: 2002-2209
A88: 2002-2214/1000-489
A89: 2002-2231 | B89: 41 | E89: 41
A90: 2002-2237 | B90: 7 | E90: 7
A91: 2002-2238
A92: 2002-2291 | B92: 20 | E92: 20
A93: 2002-2292
A94: 2002-2401
A95: 2002-2407
A96: 2002-2408
A97: 2002-2431
A98: 2002-2437
A99: 2002-2438
A100: 2002-2491
...

Sheet PRICE LIST
A1: Series | B1: Item Code | C1: Packing Quantity PCS | D1: Price in " Per 100pcs
A2: 206 | B2: 206-118 | C2: 10 | D2: 720035
A3: 206 | B3: 206-804 | C3: 6 | D3: 1172073
A4: 206 | B4: 206-1125 | C4: 1 | D4: 1955425
A5: 206 | B5: 206-1141 | C5: TBC | D5: 463540
A6: 206 | B6: 206-1204 | C6: 1 | D6: 2990650
A7: 206 | B7: 206-1216 | C7: 1 | D7: 3334543
A8: 206 | B8: 206-1250 | C8: 1 | D8: 4035120
A9: 206 | B9: 206-2101 | C9: TBC | D9: 779483
A10: 206 | B10: 206-2102 | C10: TBC | D10: 779483
A11: 207 | B11: 207-1331 | C11: 48 | D11: 75358
A12: 207 | B12: 207-1332 | C12: 48 | D12: 75358
A13: 207 | B13: 207-1333 | C13: 100 | D13: 95460
A14: 207 | B14: 207-1432 | C14: 36 | D14: 104060
A15: 209 | B15: 209-101 | C15: 100 | D15: 4547
A16: 209 | B16: 209-106 | C16: 100 | D16: 2772
A17: 209 | B17: 209-112 | C17: 100 | D17: 891
A18: 209 | B18: 209-113 | C18: 100 | D18: 52030
A19: 209 | B19: 209-114 | C19: 100 | D19: 1097
A20: 209 | B20: 209-120 | C20: 100 | D20: 2075
A21: 209 | B21: 209-122 | C21: 100 | D21: 3343
A22: 209 | B22: 209-123 | C22: 100 | D22: 3053
... A166: 221 | B166: 221-2401 | C166: 600 | D166: 4408
A167: 221 | B167: 221-2421 | C167: TBC | D167: 5805
A168: 221 | B168: 221-2501 | C168: 25 | D168: 6450
A169: 221 | B169: 221-2502 | C169: 25 | D169: 6988
A170: 221 | B170: 221-2503 | C170: 25 | D170: 8063
A171: 221 | B171: 221-2504 | C171: 25 | D171: 8923
A172: 221 | B172: 221-2512 | C172: 25 | D172: 7525
A173: 221 | B173: 221-2513 | C173: 25 | D173: 8690
A174: 221 | B174: 221-2515 | C174: 25 | D174: 10213
A175: 221 | B175: 221-2521 | C175: 25 | D175: 5913
A176: 221 | B176: 221-2522 | C176: 25 | D176: 6558
A177: 221 | B177: 221-2523 | C177: 25 | D177: 7203
A178: 221 | B178: 221-2533 | C178: 25 | D178: 7525
A179: 221 | B179: 221-412 | C179: 1000 | D179: 3171
A180: 221 | B180: 221-413 | C180: 500 | D180: 4322
A181: 221 | B181: 221-413/995-012 | C181: TBC | D181: 6773
A182: 221 | B182: 221-415 | C182: 250 | D182: 7633
A183: 221 | B183: 221-415/995-000 | C183: TBC | D183: 11610
A184: 221 | B184: 221-420 | C184: TBC | D184: 14405
A185: 221 | B185: 221-425 | C185: 250 | D185: 9783
A186: 221 | B186: 221-482 | C186: 1000 | D186: 7955
A187: 221 | B187: 221-483 | C187: 500 | D187: 7848
A188: 221 | B188: 221-485 | C188: 250 | D188: 11073
A189: 221 | B189: 221-490 | C189: TBC | D189: 24080
A190: 221 | B190: 221-500 | C190: 50 | D190: 9138
A191: 221 | B191: 221-501 | C191: 50 | D191: 8278
A192: 221 | B192: 221-502 | C192: 50 | D192: 5590
A193: 221 | B193: 221-510 | C193: 50 | D193: 9568
A194: 221 | B194: 221-549 | C194: TBC | D194: 8600
A195: 221 | B195: 221-549/002-000 | C195: TBC | D195: 8600
A196: 221 | B196: 221-612 | C196: 500 | D196: 5407
A197: 221 | B197: 221-612/995-010 | C197: TBC | D197: 9998
A198: 221 | B198: 221-613 | C198: 300 | D198: 10352
A199: 221 | B199: 221-613/995-008 | C199: TBC | D199: 12793
A200: 221 | B200: 221-615 | C200: 150 | D200: 17308
A201: 221 | B201: 221-615/995-006 | C201: TBC | D201: 19458
A202: 221 | B202: 221-622 | C202: TBC | D202: 8600
A203: 221 | B203: 221-623 | C203: TBC | D203: 10320
A204: 221 | B204: 221-625 | C204: TBC | D204: 16663
A205: 221 | B205: 221-682 | C205: 500 | D205: 9245
A206: 222 | B206: 222-412 | C206: 500 | D206: 2903
A207: 222 | B207: 222-413 | C207: 500 | D207: 4085
A208: 222 | B208: 222-415 | C208: 400 | D208: 6558
A209: 222 | B209: 222-500 | C209: 50 | D209: 10750
A210: 222 | B210: 222-505 | C210: 50 | D210: 6902
A211: 224 | B211: 224-101 | C211: 1000 | D211: 2150
A212: 224 | B212: 224-104 | C212: 100 | D212: 5053
A213: 224 | B213: 224-112 | C213: 1000 | D213: 2903
A214: 224 | B214: 224-201 | C214: 50 | D214: 5280
A215: 231 | B215: 231-534/108-000 | C215: 100 | D215: 15373
A216: 231 | B216: 231-001/K999-9999/000-800 | C216: TBC | D216: 11965
A217: 231 | B217: 231-100 | C217: 50 | D217: 358
A218: 231 | B218: 231-102 | C218: 200 | D218: 8407
A219: 231 | B219: 231-102/026-000 | C219: 100 | D219: 5913
A220: 231 | B220: 231-102/031-000 | C220: 100 | D220: 8030
A221: 231 | B221: 231-102/037-000 | C221: 100 | D221: 7138
A222: 231 | B222: 231-102/102-047 | C222: 100 | D222: 8602
A223: 231 | B223: 231-103 | C223: 100 | D223: 12685
A224: 231 | B224: 231-103/026-000 | C224: 100 | D224: 10127
A225: 231 | B225: 231-103/031-000 | C225: 100 | D225: 10127
A226: 231 | B226: 231-103/037-000 | C226: 50 | D226: 9675
A227: 231 | B227: 231-104/008-000 | C227: 50 | D227: 14298
A228: 231 | B228: 231-104/026-000 | C228: 100 | D228: 10965
... A1045: 280 | B1045: 280-901 | C1045: 1 | D1045: 1595
A1046: 280 | B1046: 280-901/981-008 | C1046: TBC | D1046: 990
A1047: 280 | B1047: 280-902 | C1047: 100 | D1047: 2258
A1048: 280 | B1048: 280-903 | C1048: 100 | D1048: 2365
A1049: 280 | B1049: 280-904 | C1049: 1 | D1049: 2193
A1050: 280 | B1050: 280-905 | C1050: 100 | D1050: 2419
A1051: 280 | B1051: 280-906 | C1051: 100 | D1051: 2301
A1052: 280 | B1052: 280-907 | C1052: 100 | D1052: 9568
A1053: 280 | B1053: 280-912 | C1053: 50 | D1053: 7700
A1054: 280 | B1054: 280-941/281-491 | C1054: 100 | D1054: 80518
A1055: 280 | B1055: 280-942/281-487 | C1055: 50 | D1055: 66145
A1056: 280 | B1056: 280-992 | C1056: 100 | D1056: 7020
A1057: 281 | B1057: 281-101 | C1057: 100 | D1057: 2258
A1058: 281 | B1058: 281-104 | C1058: 100 | D1058: 2591
... A1329: 285 | B1329: 285-1185 | C1329: 5 | D1329: 476225
...
